Invoice ID,Branch,City,Customer Type,Gender,Product Line,Unit Price,Quantity,Date,Time,Payment,Rating,Tax,Total
202-61-1860,A,Naypyitaw,Member,Female,Health and beauty,83.93,9,2023-01-01,14:15,Ewallet,8.5,37.77,793.14
370-81-6734,C,Naypyitaw,Member,Female,Fashion accessories,59.92,1,2023-01-02,12:45,Ewallet,5.7,3.0,62.92
221-92-5426,B,Mandalay,Normal,Female,Food and beverages,67.34,1,2023-01-03,9:00,Cash,7.1,3.37,70.71
558-97-9322,A,Mandalay,Member,Male,Sports and travel,57.37,4,2023-01-04,13:00,Ewallet,7.7,11.47,240.95
761-62-1769,C,Yangon,Member,Female,Food and beverages,51.69,7,2023-01-05,16:45,Ewallet,7.0,18.09,379.92
443-39-7949,A,Mandalay,Normal,Male,Sports and travel,31.12,1,2023-01-06,9:30,Cash,7.6,1.56,32.68
485-73-6051,B,Yangon,Normal,Male,Health and beauty,37.29,9,2023-01-07,19:45,Cash,10.0,16.78,352.39
376-42-5555,B,Yangon,Member,Female,Home and lifestyle,36.1,4,2023-01-08,8:30,Ewallet,5.7,7.22,151.62
413-31-7396,C,Naypyitaw,Member,Female,Electronic accessories,60.7,3,2023-01-09,17:30,Credit card,8.4,9.11,191.21
847-98-9666,B,Naypyitaw,Member,Male,Food and beverages,20.8,1,2023-01-10,14:30,Ewallet,7.0,1.04,21.84
158-51-3047,A,Naypyitaw,Normal,Male,Fashion accessories,92.51,4,2023-01-11,20:00,Ewallet,5.7,18.5,388.54
575-69-1189,B,Naypyitaw,Member,Female,Sports and travel,74.86,9,2023-01-12,16:45,Credit card,5.8,33.69,707.43
786-71-5658,A,Mandalay,Member,Female,Fashion accessories,46.13,6,2023-01-13,11:15,Credit card,9.7,13.84,290.62
975-64-2267,A,Naypyitaw,Member,Male,Home and lifestyle,24.28,6,2023-01-14,18:00,Cash,9.4,7.28,152.96
931-12-4556,B,Mandalay,Normal,Female,Sports and travel,89.38,1,2023-01-15,9:00,Cash,9.5,4.47,93.85
918-16-6393,C,Naypyitaw,Normal,Female,Food and beverages,84.14,2,2023-01-16,16:30,Ewallet,10.0,8.41,176.69
487-98-9433,B,Mandalay,Member,Female,Health and beauty,74.95,6,2023-01-17,19:45,Credit card,6.0,22.49,472.19
876-62-8041,A,Yangon,Member,Male,Fashion accessories,34.44,2,2023-01-18,13:30,Cash,6.8,3.44,72.32
439-69-1775,A,Mandalay,Normal,Male,Home and lifestyle,46.22,3,2023-01-19,19:30,Ewallet,8.3,6.93,145.59
134-87-4152,B,Mandalay,Normal,Male,Food and beverages,19.25,4,2023-01-20,16:30,Credit card,7.4,3.85,80.85
661-13-4073,C,Naypyitaw,Normal,Female,Food and beverages,27.01,5,2023-01-21,9:45,Ewallet,7.1,6.75,141.8
489-63-4843,C,Mandalay,Normal,Female,Food and beverages,80.47,9,2023-01-22,14:30,Cash,6.8,36.21,760.44
921-72-7873,A,Yangon,Normal,Male,Food and beverages,74.35,4,2023-01-23,11:30,Cash,8.0,14.87,312.27
655-43-5297,A,Yangon,Normal,Male,Sports and travel,63.41,9,2023-01-24,16:45,Credit card,7.9,28.53,599.22
369-57-8629,C,Naypyitaw,Normal,Male,Food and beverages,90.62,3,2023-01-25,15:00,Ewallet,5.8,13.59,285.45
826-71-7439,B,Yangon,Normal,Female,Fashion accessories,62.49,8,2023-01-26,20:00,Credit card,7.4,25.0,524.92
824-89-8916,A,Mandalay,Normal,Male,Home and lifestyle,52.03,1,2023-01-27,8:00,Cash,7.8,2.6,54.63
437-62-5887,A,Yangon,Member,Male,Sports and travel,40.63,9,2023-01-28,13:30,Cash,7.9,18.28,383.95
316-69-9571,C,Naypyitaw,Member,Female,Food and beverages,94.64,9,2023-01-29,20:00,Ewallet,6.1,42.59,894.35
592-50-6276,B,Mandalay,Member,Female,Electronic accessories,17.44,2,2023-01-30,19:15,Ewallet,8.7,1.74,36.62
114-54-1064,C,Naypyitaw,Normal,Female,Electronic accessories,93.78,4,2023-01-31,13:45,Ewallet,5.1,18.76,393.88
956-80-3568,B,Mandalay,Member,Male,Home and lifestyle,84.4,8,2023-02-01,19:30,Credit card,6.8,33.76,708.96
443-10-3027,B,Yangon,Normal,Female,Health and beauty,21.69,7,2023-02-02,15:00,Ewallet,8.9,7.59,159.42
747-97-6258,B,Naypyitaw,Normal,Female,Health and beauty,60.85,1,2023-02-03,20:45,Ewallet,7.8,3.04,63.89
598-90-1391,A,Naypyitaw,Member,Male,Sports and travel,87.99,5,2023-02-04,18:15,Cash,6.3,22.0,461.95
774-44-6892,C,Mandalay,Normal,Female,Sports and travel,61.46,7,2023-02-05,13:45,Cash,8.5,21.51,451.73
589-50-4099,C,Naypyitaw,Member,Male,Sports and travel,91.65,4,2023-02-06,19:00,Ewallet,7.8,18.33,384.93
234-82-4104,B,Mandalay,Member,Male,Health and beauty,94.87,1,2023-02-07,10:45,Ewallet,9.0,4.74,99.61
147-32-9996,A,Mandalay,Member,Female,Electronic accessories,48.01,9,2023-02-08,10:00,Cash,8.7,21.6,453.69
198-53-9154,A,Mandalay,Normal,Female,Health and beauty,43.96,5,2023-02-09,13:15,Ewallet,8.1,10.99,230.79
646-74-9110,C,Mandalay,Member,Female,Fashion accessories,94.27,2,2023-02-10,13:45,Credit card,7.4,9.43,197.97
561-12-4840,A,Yangon,Normal,Female,Food and beverages,70.76,8,2023-02-11,20:15,Credit card,5.7,28.3,594.38
104-23-7938,A,Mandalay,Member,Female,Sports and travel,20.44,2,2023-02-12,15:30,Credit card,6.3,2.04,42.92
492-88-6134,B,Naypyitaw,Member,Female,Electronic accessories,13.81,3,2023-02-13,15:15,Ewallet,7.1,2.07,43.5
957-51-8035,A,Yangon,Member,Male,Home and lifestyle,60.82,1,2023-02-14,16:15,Cash,8.0,3.04,63.86
560-60-1863,B,Naypyitaw,Normal,Male,Home and lifestyle,93.72,2,2023-02-15,10:15,Ewallet,7.6,9.37,196.81
842-61-6116,C,Yangon,Normal,Female,Food and beverages,85.98,7,2023-02-16,10:45,Ewallet,6.4,30.09,631.95
195-13-2757,A,Mandalay,Normal,Male,Electronic accessories,70.83,2,2023-02-17,18:45,Cash,5.0,7.08,148.74
584-32-7374,C,Yangon,Member,Female,Health and beauty,22.52,6,2023-02-18,8:30,Cash,7.5,6.76,141.88
848-24-4242,C,Yangon,Member,Male,Health and beauty,32.88,3,2023-02-19,20:30,Cash,6.4,4.93,103.57
640-45-7668,A,Naypyitaw,Normal,Male,Fashion accessories,88.8,4,2023-02-20,12:15,Credit card,8.7,17.76,372.96
259-80-4157,A,Naypyitaw,Normal,Male,Fashion accessories,26.45,8,2023-02-21,11:00,Ewallet,5.1,10.58,222.18
895-75-3693,C,Mandalay,Normal,Female,Health and beauty,35.06,3,2023-02-22,16:30,Cash,7.9,5.26,110.44
895-37-4627,A,Yangon,Normal,Male,Home and lifestyle,21.66,6,2023-02-23,12:15,Ewallet,9.7,6.5,136.46
439-39-6450,B,Yangon,Normal,Female,Sports and travel,70.85,1,2023-02-24,11:30,Credit card,5.9,3.54,74.39
739-98-8392,B,Yangon,Normal,Male,Home and lifestyle,94.96,7,2023-02-25,13:45,Credit card,7.4,33.24,697.96
484-36-7776,A,Mandalay,Member,Male,Fashion accessories,34.21,8,2023-02-26,20:00,Cash,5.5,13.68,287.36
727-86-6864,C,Mandalay,Normal,Male,Food and beverages,52.79,8,2023-02-27,17:15,Cash,8.1,21.12,443.44
358-79-6575,A,Mandalay,Member,Male,Health and beauty,67.09,3,2023-02-28,8:45,Ewallet,7.8,10.06,211.33
510-18-5413,A,Mandalay,Member,Male,Fashion accessories,99.95,1,2023-03-01,11:00,Cash,7.0,5.0,104.95
776-60-1663,C,Mandalay,Normal,Female,Fashion accessories,19.43,9,2023-03-02,8:15,Ewallet,7.6,8.74,183.61
926-41-2495,C,Naypyitaw,Normal,Female,Sports and travel,54.87,6,2023-03-03,11:00,Cash,9.5,16.46,345.68
332-61-6232,B,Yangon,Member,Male,Health and beauty,44.66,9,2023-03-04,8:30,Ewallet,6.0,20.1,422.04
929-67-2291,C,Yangon,Normal,Male,Sports and travel,87.92,7,2023-03-05,20:00,Ewallet,5.1,30.77,646.21
609-48-8554,B,Yangon,Normal,Male,Health and beauty,52.84,1,2023-03-06,15:15,Ewallet,9.3,2.64,55.48
212-65-1698,C,Yangon,Member,Male,Sports and travel,19.99,1,2023-03-07,15:15,Ewallet,7.9,1.0,20.99
212-11-5737,A,Yangon,Member,Female,Home and lifestyle,67.1,6,2023-03-08,18:00,Credit card,9.5,20.13,422.73
319-63-1854,B,Yangon,Member,Male,Food and beverages,79.37,5,2023-03-09,14:15,Ewallet,8.0,19.84,416.69
835-10-6249,B,Yangon,Normal,Female,Food and beverages,10.26,9,2023-03-10,15:45,Cash,9.1,4.62,96.96
152-53-6791,B,Yangon,Member,Male,Health and beauty,87.31,2,2023-03-11,18:15,Credit card,7.1,8.73,183.35
809-41-5931,A,Naypyitaw,Normal,Female,Electronic accessories,26.74,8,2023-03-12,18:00,Credit card,8.7,10.7,224.62
538-84-5218,A,Yangon,Member,Male,Fashion accessories,59.69,5,2023-03-13,14:00,Ewallet,9.6,14.92,313.37
500-47-3327,A,Naypyitaw,Member,Male,Fashion accessories,47.42,2,2023-03-14,8:45,Credit card,7.9,4.74,99.58
936-79-8125,A,Mandalay,Member,Female,Health and beauty,74.77,6,2023-03-15,16:00,Ewallet,5.9,22.43,471.05
610-25-9800,A,Yangon,Normal,Male,Sports and travel,43.4,8,2023-03-16,14:15,Cash,6.3,17.36,364.56
300-68-3511,B,Mandalay,Normal,Male,Electronic accessories,88.28,4,2023-03-17,13:15,Ewallet,6.0,17.66,370.78
448-12-1659,A,Mandalay,Member,Male,Home and lifestyle,75.74,2,2023-03-18,8:15,Credit card,6.2,7.57,159.05
863-68-7546,B,Mandalay,Member,Female,Sports and travel,68.29,5,2023-03-19,14:00,Cash,6.5,17.07,358.52
445-76-9338,A,Naypyitaw,Member,Male,Sports and travel,81.66,2,2023-03-20,9:00,Ewallet,7.8,8.17,171.49
247-80-2843,C,Mandalay,Normal,Male,Health and beauty,77.86,2,2023-03-21,9:00,Cash,7.9,7.79,163.51
588-42-2959,B,Mandalay,Member,Female,Health and beauty,13.23,6,2023-03-22,18:00,Cash,7.1,3.97,83.35
739-48-3385,C,Mandalay,Normal,Female,Fashion accessories,45.53,9,2023-03-23,12:45,Credit card,8.1,20.49,430.26
971-10-2802,B,Yangon,Member,Female,Health and beauty,93.77,4,2023-03-24,14:00,Cash,5.4,18.75,393.83
572-59-6534,C,Yangon,Member,Male,Health and beauty,21.32,6,2023-03-25,15:30,Credit card,5.4,6.4,134.32
397-16-7287,A,Naypyitaw,Member,Male,Health and beauty,76.34,7,2023-03-26,11:30,Cash,5.9,26.72,561.1
445-69-3049,A,Naypyitaw,Member,Male,Fashion accessories,97.71,6,2023-03-27,16:45,Ewallet,7.6,29.31,615.57
996-57-5548,A,Yangon,Member,Female,Home and lifestyle,14.7,8,2023-03-28,17:45,Cash,6.1,5.88,123.48
136-41-8158,B,Naypyitaw,Member,Male,Home and lifestyle,71.4,4,2023-03-29,12:30,Ewallet,6.4,14.28,299.88
108-28-3255,C,Yangon,Normal,Male,Health and beauty,52.13,1,2023-03-30,11:15,Ewallet,7.0,2.61,54.74
230-29-7295,A,Mandalay,Member,Female,Fashion accessories,62.13,7,2023-03-31,8:00,Cash,9.1,21.75,456.66
153-42-2648,C,Mandalay,Normal,Female,Home and lifestyle,17.68,3,2023-04-01,11:00,Ewallet,5.1,2.65,55.69
519-47-5199,C,Naypyitaw,Member,Female,Sports and travel,13.87,6,2023-04-02,13:30,Cash,8.2,4.16,87.38
951-98-1098,A,Yangon,Member,Female,Home and lifestyle,70.02,2,2023-04-03,8:45,Cash,8.3,7.0,147.04
252-27-5973,A,Yangon,Normal,Female,Home and lifestyle,84.1,9,2023-04-04,10:30,Ewallet,9.0,37.84,794.74
437-75-3869,C,Naypyitaw,Member,Male,Fashion accessories,80.38,1,2023-04-05,9:45,Ewallet,9.7,4.02,84.4
262-89-1956,A,Yangon,Normal,Female,Sports and travel,58.94,6,2023-04-06,16:45,Credit card,5.1,17.68,371.32
780-42-6699,A,Mandalay,Normal,Male,Fashion accessories,18.99,6,2023-04-07,19:00,Ewallet,5.8,5.7,119.64
900-23-5911,A,Naypyitaw,Member,Male,Health and beauty,71.92,5,2023-04-08,20:15,Credit card,9.4,17.98,377.58
603-17-2218,B,Naypyitaw,Normal,Female,Food and beverages,31.77,5,2023-04-09,16:00,Ewallet,7.3,7.94,166.79
500-42-5555,C,Yangon,Normal,Female,Home and lifestyle,92.0,1,2023-04-10,15:45,Cash,7.8,4.6,96.6
982-95-4446,C,Naypyitaw,Member,Female,Food and beverages,85.44,5,2023-04-11,18:15,Ewallet,8.3,21.36,448.56
121-39-4436,B,Yangon,Normal,Male,Fashion accessories,73.84,2,2023-04-12,19:00,Cash,8.4,7.38,155.06
662-63-6895,C,Yangon,Member,Female,Fashion accessories,95.4,7,2023-04-13,18:45,Cash,9.7,33.39,701.19
382-36-1225,A,Yangon,Member,Female,Fashion accessories,12.83,3,2023-04-14,17:15,Cash,10.0,1.92,40.41
376-39-8022,C,Yangon,Member,Female,Food and beverages,76.26,4,2023-04-15,10:30,Credit card,8.6,15.25,320.29
580-78-8996,A,Yangon,Member,Female,Fashion accessories,39.72,3,2023-04-16,14:30,Ewallet,6.4,5.96,125.12
915-28-8683,B,Naypyitaw,Normal,Female,Health and beauty,91.55,3,2023-04-17,8:00,Cash,9.4,13.73,288.38
646-73-8679,A,Mandalay,Member,Male,Fashion accessories,34.0,4,2023-04-18,17:00,Cash,5.2,6.8,142.8
116-53-3205,C,Mandalay,Member,Male,Electronic accessories,75.24,5,2023-04-19,12:00,Credit card,6.2,18.81,395.01
576-55-4444,C,Naypyitaw,Normal,Male,Food and beverages,88.99,1,2023-04-20,15:30,Ewallet,9.5,4.45,93.44
617-46-3327,C,Naypyitaw,Member,Female,Electronic accessories,13.75,4,2023-04-21,15:15,Ewallet,6.3,2.75,57.75
448-55-1606,B,Mandalay,Member,Female,Fashion accessories,45.79,8,2023-04-22,13:15,Credit card,6.1,18.32,384.64
198-69-6088,B,Mandalay,Normal,Female,Health and beauty,78.61,7,2023-04-23,13:00,Credit card,5.7,27.51,577.78
215-72-1980,C,Mandalay,Normal,Male,Home and lifestyle,50.94,9,2023-04-24,20:45,Ewallet,9.3,22.92,481.38
260-76-9319,A,Mandalay,Normal,Female,Sports and travel,34.05,5,2023-04-25,10:15,Credit card,7.5,8.51,178.76
117-34-6854,B,Mandalay,Normal,Female,Sports and travel,29.78,4,2023-04-26,15:00,Ewallet,8.4,5.96,125.08
665-67-6442,C,Yangon,Normal,Female,Fashion accessories,21.84,8,2023-04-27,8:30,Ewallet,6.2,8.74,183.46
971-55-4863,C,Naypyitaw,Normal,Male,Health and beauty,87.14,9,2023-04-28,10:30,Cash,8.8,39.21,823.47
725-41-5014,B,Yangon,Normal,Female,Food and beverages,61.78,7,2023-04-29,15:00,Cash,8.8,21.62,454.08
953-32-4009,B,Mandalay,Member,Male,Electronic accessories,16.87,7,2023-04-30,12:30,Ewallet,6.6,5.9,123.99
738-36-2409,B,Mandalay,Normal,Female,Electronic accessories,44.43,5,2023-05-01,9:30,Ewallet,7.1,11.11,233.26
884-42-8560,A,Mandalay,Normal,Male,Electronic accessories,43.1,4,2023-05-02,15:30,Ewallet,6.0,8.62,181.02
910-57-8206,A,Yangon,Normal,Male,Food and beverages,26.36,1,2023-05-03,14:45,Ewallet,9.9,1.32,27.68
576-51-3806,C,Yangon,Member,Male,Sports and travel,49.2,7,2023-05-04,18:00,Ewallet,8.2,17.22,361.62
637-59-9716,B,Mandalay,Member,Female,Health and beauty,39.89,1,2023-05-05,13:30,Ewallet,9.7,1.99,41.88
927-16-8992,A,Yangon,Normal,Female,Food and beverages,40.76,1,2023-05-06,15:15,Credit card,6.5,2.04,42.8
135-54-3368,B,Yangon,Normal,Male,Electronic accessories,76.51,5,2023-05-07,19:15,Ewallet,8.9,19.13,401.68
875-25-7002,C,Mandalay,Normal,Male,Fashion accessories,30.09,9,2023-05-08,13:30,Credit card,8.8,13.54,284.35
570-24-6919,A,Yangon,Member,Female,Home and lifestyle,67.77,6,2023-05-09,12:30,Credit card,8.5,20.33,426.95
826-72-1853,A,Naypyitaw,Member,Female,Food and beverages,61.36,3,2023-05-10,11:45,Ewallet,9.8,9.2,193.28
150-34-4769,A,Naypyitaw,Normal,Male,Food and beverages,61.13,3,2023-05-11,13:15,Ewallet,7.0,9.17,192.56
674-71-2148,C,Naypyitaw,Member,Female,Health and beauty,69.67,7,2023-05-12,8:30,Credit card,5.7,24.38,512.07
249-67-8509,B,Naypyitaw,Normal,Female,Health and beauty,59.35,6,2023-05-13,11:15,Credit card,8.4,17.81,373.91
404-61-5777,A,Mandalay,Member,Female,Food and beverages,89.13,9,2023-05-14,20:45,Ewallet,8.6,40.11,842.28
937-24-3491,C,Mandalay,Member,Female,Electronic accessories,70.8,6,2023-05-15,17:45,Ewallet,7.9,21.24,446.04
712-17-4124,B,Mandalay,Normal,Male,Home and lifestyle,59.23,5,2023-05-16,8:00,Credit card,6.0,14.81,310.96
671-14-6222,C,Naypyitaw,Normal,Female,Health and beauty,84.68,7,2023-05-17,11:30,Credit card,7.5,29.64,622.4
295-15-1876,B,Naypyitaw,Normal,Female,Electronic accessories,64.55,1,2023-05-18,19:15,Credit card,6.6,3.23,67.78
983-56-7966,C,Yangon,Normal,Male,Fashion accessories,36.2,7,2023-05-19,10:15,Cash,7.1,12.67,266.07
919-25-5465,B,Yangon,Member,Male,Health and beauty,28.64,3,2023-05-20,19:30,Credit card,8.2,4.3,90.22
735-39-5752,A,Naypyitaw,Member,Female,Electronic accessories,23.71,9,2023-05-21,15:45,Cash,8.7,10.67,224.06
219-72-6177,B,Naypyitaw,Member,Female,Electronic accessories,90.95,6,2023-05-22,18:45,Ewallet,6.2,27.29,572.99
445-71-3838,C,Naypyitaw,Normal,Female,Home and lifestyle,73.91,9,2023-05-23,8:15,Ewallet,7.0,33.26,698.45
226-18-2931,C,Naypyitaw,Member,Female,Home and lifestyle,94.36,5,2023-05-24,9:45,Credit card,6.3,23.59,495.39
740-67-1512,B,Yangon,Normal,Male,Fashion accessories,64.3,7,2023-05-25,15:00,Ewallet,6.0,22.5,472.6
850-43-8805,A,Naypyitaw,Member,Male,Electronic accessories,52.61,4,2023-05-26,19:45,Ewallet,8.9,10.52,220.96
217-57-4672,A,Yangon,Normal,Male,Sports and travel,15.37,7,2023-05-27,15:45,Ewallet,9.5,5.38,112.97
587-10-4343,B,Naypyitaw,Normal,Female,Electronic accessories,70.45,1,2023-05-28,9:45,Ewallet,6.9,3.52,73.97
288-73-1580,B,Naypyitaw,Member,Female,Home and lifestyle,62.4,7,2023-05-29,13:45,Cash,8.8,21.84,458.64
889-76-4147,C,Naypyitaw,Normal,Female,Sports and travel,99.12,8,2023-05-30,18:00,Cash,9.5,39.65,832.61
253-25-4506,A,Yangon,Normal,Female,Health and beauty,31.52,5,2023-05-31,15:45,Credit card,9.2,7.88,165.48
185-66-6188,B,Yangon,Member,Male,Health and beauty,57.77,2,2023-06-01,15:30,Credit card,5.9,5.78,121.32
146-71-7617,A,Mandalay,Normal,Male,Food and beverages,68.59,5,2023-06-02,20:00,Credit card,9.8,17.15,360.1
531-94-8421,B,Naypyitaw,Normal,Female,Home and lifestyle,68.01,6,2023-06-03,9:30,Ewallet,6.9,20.4,428.46
833-32-6881,B,Mandalay,Normal,Male,Food and beverages,60.52,2,2023-06-04,17:45,Ewallet,6.7,6.05,127.09
621-78-3849,A,Mandalay,Member,Female,Sports and travel,79.92,6,2023-06-05,13:15,Cash,5.3,23.98,503.5
279-19-7905,B,Yangon,Member,Female,Home and lifestyle,28.45,6,2023-06-06,16:15,Cash,7.4,8.54,179.24
758-67-5611,B,Yangon,Normal,Male,Fashion accessories,75.31,1,2023-06-07,11:45,Credit card,5.5,3.77,79.08
115-33-9527,C,Mandalay,Member,Female,Electronic accessories,65.78,1,2023-06-08,15:15,Cash,6.2,3.29,69.07
858-11-7303,B,Naypyitaw,Normal,Female,Fashion accessories,90.65,3,2023-06-09,10:30,Cash,6.6,13.6,285.55
574-93-2687,B,Yangon,Normal,Male,Sports and travel,86.25,3,2023-06-10,15:00,Cash,9.0,12.94,271.69
789-44-3427,B,Naypyitaw,Normal,Female,Home and lifestyle,38.36,4,2023-06-11,10:15,Cash,9.4,7.67,161.11
644-42-6052,C,Naypyitaw,Normal,Female,Sports and travel,34.86,2,2023-06-12,18:45,Cash,6.5,3.49,73.21
790-52-6732,A,Mandalay,Normal,Male,Electronic accessories,98.35,9,2023-06-13,8:30,Credit card,9.3,44.26,929.41
367-76-6536,C,Mandalay,Member,Female,Health and beauty,57.45,7,2023-06-14,10:45,Credit card,9.3,20.11,422.26
267-83-2066,C,Mandalay,Normal,Male,Health and beauty,91.58,7,2023-06-15,16:00,Cash,8.8,32.05,673.11
655-38-5107,A,Mandalay,Member,Female,Sports and travel,24.75,6,2023-06-16,19:15,Credit card,5.7,7.43,155.93
706-55-9945,C,Yangon,Member,Male,Food and beverages,67.85,3,2023-06-17,9:30,Ewallet,8.5,10.18,213.73
134-96-9967,A,Yangon,Normal,Male,Home and lifestyle,82.89,6,2023-06-18,9:45,Cash,9.7,24.87,522.21
704-35-1417,C,Mandalay,Normal,Male,Home and lifestyle,95.27,8,2023-06-19,19:30,Ewallet,8.4,38.11,800.27
214-16-4267,A,Yangon,Member,Female,Health and beauty,40.36,8,2023-06-20,11:30,Credit card,6.7,16.14,339.02
925-84-1412,B,Mandalay,Member,Male,Fashion accessories,75.25,9,2023-06-21,14:45,Credit card,7.5,33.86,711.11
475-45-1728,C,Naypyitaw,Member,Male,Electronic accessories,58.49,1,2023-06-22,8:15,Ewallet,8.2,2.92,61.41
376-45-6988,C,Naypyitaw,Normal,Male,Fashion accessories,15.46,1,2023-06-23,16:15,Credit card,7.6,0.77,16.23
556-33-3786,C,Naypyitaw,Member,Male,Fashion accessories,72.1,3,2023-06-24,10:15,Cash,5.6,10.82,227.12
788-45-6073,C,Mandalay,Normal,Male,Sports and travel,72.11,3,2023-06-25,12:00,Ewallet,6.6,10.82,227.15
195-33-7806,B,Naypyitaw,Normal,Female,Health and beauty,93.75,8,2023-06-26,11:00,Cash,9.0,37.5,787.5
289-46-4440,C,Yangon,Normal,Female,Health and beauty,54.76,1,2023-06-27,11:15,Ewallet,9.3,2.74,57.5
794-22-3914,B,Naypyitaw,Member,Female,Health and beauty,30.72,2,2023-06-28,12:15,Credit card,5.7,3.07,64.51
972-39-9787,B,Naypyitaw,Normal,Female,Sports and travel,14.01,2,2023-06-29,20:00,Ewallet,9.8,1.4,29.42
979-98-2365,B,Naypyitaw,Normal,Female,Food and beverages,47.41,3,2023-06-30,11:15,Ewallet,6.6,7.11,149.34
496-68-8186,B,Yangon,Normal,Female,Fashion accessories,37.17,6,2023-07-01,20:30,Cash,8.3,11.15,234.17
276-21-8400,A,Mandalay,Normal,Female,Sports and travel,78.5,1,2023-07-02,17:15,Credit card,8.8,3.92,82.42
175-18-3502,A,Yangon,Normal,Male,Home and lifestyle,41.88,2,2023-07-03,11:30,Cash,9.1,4.19,87.95
895-87-3782,C,Mandalay,Member,Female,Electronic accessories,95.42,1,2023-07-04,16:00,Credit card,9.7,4.77,100.19
483-61-5946,A,Mandalay,Normal,Male,Food and beverages,96.61,5,2023-07-05,15:00,Cash,6.6,24.15,507.2
605-25-5980,A,Naypyitaw,Normal,Male,Home and lifestyle,65.88,7,2023-07-06,17:00,Ewallet,9.3,23.06,484.22
168-21-8192,C,Mandalay,Member,Female,Fashion accessories,93.58,8,2023-07-07,13:00,Cash,5.7,37.43,786.07
990-94-8651,C,Yangon,Normal,Male,Health and beauty,78.48,1,2023-07-08,18:45,Credit card,8.5,3.92,82.4
664-32-2167,C,Yangon,Member,Male,Fashion accessories,59.22,7,2023-07-09,19:30,Credit card,8.7,20.73,435.27
668-48-3156,A,Mandalay,Normal,Male,Sports and travel,26.23,5,2023-07-10,14:45,Ewallet,8.4,6.56,137.71
792-51-6305,A,Naypyitaw,Member,Male,Electronic accessories,51.27,1,2023-07-11,18:15,Credit card,6.3,2.56,53.83
497-14-8330,C,Naypyitaw,Member,Female,Sports and travel,60.48,3,2023-07-12,12:45,Cash,9.4,9.07,190.51
314-84-7801,B,Yangon,Normal,Female,Food and beverages,87.76,7,2023-07-13,10:15,Ewallet,5.8,30.72,645.04
850-85-8241,C,Naypyitaw,Normal,Female,Food and beverages,53.32,1,2023-07-14,15:30,Credit card,5.3,2.67,55.99
591-26-2542,B,Mandalay,Normal,Female,Electronic accessories,90.79,7,2023-07-15,10:45,Credit card,8.6,31.78,667.31
273-22-2191,B,Mandalay,Member,Female,Home and lifestyle,70.69,5,2023-07-16,9:15,Cash,7.4,17.67,371.12
269-18-7938,C,Yangon,Member,Female,Home and lifestyle,22.33,1,2023-07-17,16:45,Cash,9.2,1.12,23.45
733-75-2540,C,Mandalay,Member,Female,Food and beverages,99.55,1,2023-07-18,8:45,Ewallet,6.9,4.98,104.53
128-46-6541,C,Yangon,Normal,Female,Food and beverages,57.45,1,2023-07-19,14:30,Credit card,5.8,2.87,60.32
438-17-2365,A,Mandalay,Member,Female,Health and beauty,45.27,9,2023-07-20,20:45,Cash,9.2,20.37,427.8
599-26-9702,B,Yangon,Member,Female,Home and lifestyle,69.32,3,2023-07-21,12:15,Ewallet,7.7,10.4,218.36
426-98-2324,A,Naypyitaw,Normal,Male,Electronic accessories,19.8,5,2023-07-22,20:00,Credit card,5.9,4.95,103.95
231-45-4141,A,Mandalay,Member,Female,Home and lifestyle,67.29,9,2023-07-23,14:00,Credit card,8.6,30.28,635.89
351-40-2810,C,Mandalay,Member,Male,Health and beauty,54.84,6,2023-07-24,15:30,Ewallet,7.6,16.45,345.49
544-63-5186,A,Yangon,Normal,Male,Sports and travel,46.6,9,2023-07-25,20:15,Ewallet,8.0,20.97,440.37
813-28-5268,C,Yangon,Member,Male,Food and beverages,95.77,8,2023-07-26,20:00,Cash,7.3,38.31,804.47
752-67-7619,B,Mandalay,Normal,Male,Food and beverages,57.03,8,2023-07-27,16:30,Credit card,9.1,22.81,479.05
555-70-4072,C,Yangon,Normal,Female,Health and beauty,29.72,1,2023-07-28,9:00,Credit card,9.1,1.49,31.21
486-86-1504,A,Mandalay,Normal,Male,Electronic accessories,51.31,9,2023-07-29,15:45,Credit card,8.5,23.09,484.88
290-34-1823,A,Naypyitaw,Normal,Female,Food and beverages,92.74,6,2023-07-30,10:15,Ewallet,5.5,27.82,584.26
216-15-3105,C,Yangon,Normal,Female,Fashion accessories,25.85,9,2023-07-31,18:45,Cash,9.2,11.63,244.28
655-54-7316,C,Mandalay,Member,Male,Food and beverages,29.26,3,2023-08-01,19:45,Credit card,8.4,4.39,92.17
928-56-5175,A,Naypyitaw,Member,Female,Fashion accessories,11.17,3,2023-08-02,14:15,Ewallet,8.5,1.68,35.19
985-94-6348,B,Naypyitaw,Normal,Male,Health and beauty,11.28,6,2023-08-03,20:30,Credit card,6.8,3.38,71.06
775-28-7190,B,Mandalay,Normal,Male,Health and beauty,84.65,9,2023-08-04,15:30,Cash,9.4,38.09,799.94
332-58-6645,C,Yangon,Member,Female,Food and beverages,75.89,7,2023-08-05,20:00,Credit card,8.6,26.56,557.79
242-40-4584,B,Mandalay,Normal,Female,Home and lifestyle,41.95,3,2023-08-06,13:45,Cash,5.6,6.29,132.14
472-63-9053,A,Naypyitaw,Normal,Male,Fashion accessories,72.85,3,2023-08-07,17:15,Cash,7.0,10.93,229.48
358-25-9662,C,Mandalay,Normal,Female,Electronic accessories,45.57,2,2023-08-08,16:30,Credit card,9.4,4.56,95.7
111-83-6063,A,Yangon,Member,Female,Food and beverages,95.76,9,2023-08-09,17:00,Credit card,5.2,43.09,904.93
457-85-8575,A,Naypyitaw,Member,Female,Electronic accessories,97.03,3,2023-08-10,15:30,Cash,9.8,14.55,305.64
767-17-7819,B,Mandalay,Normal,Male,Food and beverages,45.35,5,2023-08-11,9:30,Ewallet,8.4,11.34,238.09
189-17-3745,C,Yangon,Normal,Male,Home and lifestyle,86.88,9,2023-08-12,11:00,Cash,8.2,39.1,821.02
415-59-1539,C,Naypyitaw,Member,Female,Home and lifestyle,79.58,8,2023-08-13,19:00,Credit card,6.4,31.83,668.47
831-50-5835,B,Yangon,Member,Female,Home and lifestyle,37.9,2,2023-08-14,14:15,Credit card,6.2,3.79,79.59
803-36-8102,A,Naypyitaw,Normal,Female,Sports and travel,30.88,3,2023-08-15,15:00,Ewallet,9.7,4.63,97.27
244-82-7132,A,Mandalay,Normal,Female,Home and lifestyle,51.24,2,2023-08-16,8:00,Cash,6.5,5.12,107.6
823-86-3779,A,Yangon,Member,Female,Health and beauty,80.32,8,2023-08-17,16:30,Cash,8.9,32.13,674.69
851-38-2581,A,Naypyitaw,Member,Male,Health and beauty,96.42,6,2023-08-18,17:15,Cash,7.0,28.93,607.45
646-15-6713,C,Yangon,Member,Female,Sports and travel,78.72,6,2023-08-19,17:00,Credit card,5.7,23.62,495.94
982-78-2838,C,Yangon,Normal,Male,Fashion accessories,86.97,9,2023-08-20,8:15,Cash,5.1,39.14,821.87
549-19-3871,B,Mandalay,Member,Female,Electronic accessories,64.28,8,2023-08-21,13:30,Ewallet,7.7,25.71,539.95
897-14-2015,B,Yangon,Normal,Male,Food and beverages,85.19,4,2023-08-22,20:45,Credit card,9.9,17.04,357.8
900-74-3193,C,Naypyitaw,Member,Female,Food and beverages,80.6,4,2023-08-23,15:15,Credit card,6.8,16.12,338.52
323-58-8449,C,Naypyitaw,Member,Male,Sports and travel,43.93,9,2023-08-24,8:00,Cash,6.8,19.77,415.14
162-98-4925,A,Naypyitaw,Member,Female,Health and beauty,59.68,1,2023-08-25,13:15,Ewallet,6.7,2.98,62.66
926-36-5784,A,Naypyitaw,Member,Male,Food and beverages,82.43,2,2023-08-26,20:00,Credit card,7.6,8.24,173.1
560-42-2633,B,Mandalay,Normal,Male,Health and beauty,14.15,2,2023-08-27,13:00,Credit card,7.2,1.42,29.72
204-10-1404,C,Yangon,Normal,Male,Fashion accessories,82.73,6,2023-08-28,20:15,Cash,9.4,24.82,521.2
922-15-3000,B,Mandalay,Member,Male,Electronic accessories,26.01,4,2023-08-29,10:15,Cash,7.5,5.2,109.24
808-14-6989,C,Yangon,Normal,Male,Fashion accessories,56.32,3,2023-08-30,15:00,Ewallet,7.5,8.45,177.41
870-62-8190,A,Yangon,Member,Male,Sports and travel,82.74,3,2023-08-31,13:00,Cash,5.7,12.41,260.63
664-46-5809,B,Yangon,Member,Female,Home and lifestyle,32.84,3,2023-09-01,18:00,Ewallet,9.9,4.93,103.45
557-92-8245,B,Mandalay,Member,Male,Home and lifestyle,32.12,6,2023-09-02,8:30,Credit card,6.2,9.64,202.36
556-10-5780,C,Yangon,Member,Female,Home and lifestyle,46.25,8,2023-09-03,12:45,Ewallet,5.4,18.5,388.5
816-13-6565,A,Mandalay,Normal,Female,Fashion accessories,90.52,7,2023-09-04,10:45,Ewallet,8.3,31.68,665.32
548-41-4419,B,Naypyitaw,Member,Female,Food and beverages,10.04,4,2023-09-05,13:00,Ewallet,8.0,2.01,42.17
194-81-1249,A,Naypyitaw,Member,Female,Electronic accessories,91.12,4,2023-09-06,13:15,Credit card,7.1,18.22,382.7
773-63-1770,B,Yangon,Normal,Female,Home and lifestyle,23.84,2,2023-09-07,8:30,Cash,7.1,2.38,50.06
990-59-5363,A,Mandalay,Member,Male,Sports and travel,99.11,1,2023-09-08,16:15,Credit card,8.9,4.96,104.07
153-14-8901,C,Naypyitaw,Member,Male,Sports and travel,95.94,9,2023-09-09,17:30,Cash,6.0,43.17,906.63
862-66-7544,B,Mandalay,Member,Male,Home and lifestyle,54.52,2,2023-09-10,12:15,Ewallet,9.1,5.45,114.49
723-56-2252,B,Mandalay,Normal,Female,Home and lifestyle,56.14,8,2023-09-11,11:15,Ewallet,8.2,22.46,471.58
952-23-5673,A,Yangon,Member,Male,Electronic accessories,53.34,9,2023-09-12,13:30,Ewallet,7.1,24.0,504.06
174-60-7881,A,Naypyitaw,Normal,Male,Home and lifestyle,67.19,4,2023-09-13,9:15,Ewallet,7.3,13.44,282.2
905-59-7241,B,Yangon,Member,Male,Electronic accessories,18.16,8,2023-09-14,11:00,Ewallet,6.3,7.26,152.54
949-39-8002,C,Yangon,Member,Male,Sports and travel,12.94,9,2023-09-15,16:15,Cash,8.8,5.82,122.28
534-72-2331,A,Naypyitaw,Normal,Male,Home and lifestyle,15.19,5,2023-09-16,20:30,Cash,7.6,3.8,79.75
348-47-8648,A,Naypyitaw,Member,Female,Fashion accessories,49.99,7,2023-09-17,19:30,Ewallet,6.6,17.5,367.43
434-39-5854,A,Mandalay,Member,Male,Fashion accessories,34.8,4,2023-09-18,10:30,Credit card,8.0,6.96,146.16
205-60-3180,B,Naypyitaw,Normal,Female,Sports and travel,65.98,1,2023-09-19,18:30,Credit card,10.0,3.3,69.28
896-13-1137,B,Mandalay,Normal,Female,Electronic accessories,99.32,3,2023-09-20,19:30,Ewallet,7.2,14.9,312.86
283-26-6449,B,Mandalay,Normal,Female,Fashion accessories,44.77,5,2023-09-21,8:30,Cash,9.6,11.19,235.04
884-93-5164,B,Mandalay,Normal,Female,Electronic accessories,61.65,3,2023-09-22,10:45,Credit card,6.7,9.25,194.2
645-15-6569,C,Naypyitaw,Normal,Female,Fashion accessories,47.4,7,2023-09-23,11:30,Credit card,5.3,16.59,348.39
304-52-2906,C,Yangon,Member,Male,Fashion accessories,86.25,9,2023-09-24,17:45,Credit card,6.0,38.81,815.06
210-32-8350,B,Mandalay,Normal,Male,Electronic accessories,91.2,6,2023-09-25,19:45,Ewallet,7.1,27.36,574.56
947-84-7031,C,Yangon,Member,Male,Food and beverages,88.96,1,2023-09-26,15:00,Credit card,6.1,4.45,93.41
619-13-9472,A,Yangon,Member,Female,Fashion accessories,97.69,7,2023-09-27,20:00,Credit card,5.0,34.19,718.02
294-76-1666,A,Naypyitaw,Member,Male,Home and lifestyle,12.48,3,2023-09-28,14:30,Credit card,9.6,1.87,39.31
192-41-7777,A,Yangon,Normal,Male,Sports and travel,85.58,5,2023-09-29,9:00,Credit card,9.2,21.4,449.3
150-28-8956,B,Yangon,Normal,Female,Food and beverages,77.66,4,2023-09-30,10:45,Cash,8.7,15.53,326.17
104-91-5777,A,Naypyitaw,Member,Female,Electronic accessories,30.58,5,2023-10-01,11:00,Ewallet,5.8,7.64,160.54
928-31-7981,C,Mandalay,Normal,Female,Food and beverages,96.07,5,2023-10-02,13:15,Ewallet,5.6,24.02,504.37
612-14-7376,B,Yangon,Normal,Female,Health and beauty,23.34,6,2023-10-03,12:45,Cash,5.3,7.0,147.04
623-55-3593,C,Naypyitaw,Normal,Male,Health and beauty,71.16,6,2023-10-04,11:45,Cash,8.6,21.35,448.31
177-54-8240,A,Yangon,Normal,Female,Fashion accessories,30.24,8,2023-10-05,18:45,Ewallet,9.6,12.1,254.02
893-56-6240,A,Yangon,Member,Female,Fashion accessories,48.82,8,2023-10-06,19:45,Credit card,7.2,19.53,410.09
313-65-7493,A,Mandalay,Member,Male,Home and lifestyle,74.72,9,2023-10-07,11:00,Credit card,5.6,33.62,706.1
206-72-5143,B,Yangon,Normal,Male,Sports and travel,60.7,8,2023-10-08,17:45,Ewallet,7.6,24.28,509.88
672-90-2276,C,Naypyitaw,Member,Female,Food and beverages,48.48,2,2023-10-09,20:15,Credit card,6.7,4.85,101.81
791-88-1302,B,Yangon,Normal,Male,Health and beauty,39.37,1,2023-10-10,10:15,Cash,6.9,1.97,41.34
738-65-9717,B,Mandalay,Normal,Female,Fashion accessories,85.57,2,2023-10-11,15:45,Credit card,8.1,8.56,179.7
573-37-9150,A,Mandalay,Member,Female,Sports and travel,22.94,2,2023-10-12,18:30,Credit card,8.6,2.29,48.17
177-97-1364,B,Naypyitaw,Member,Male,Food and beverages,48.71,3,2023-10-13,16:30,Credit card,5.6,7.31,153.44
765-23-6126,B,Mandalay,Member,Male,Fashion accessories,91.34,7,2023-10-14,20:15,Ewallet,5.2,31.97,671.35
102-32-3797,A,Yangon,Normal,Female,Fashion accessories,86.13,2,2023-10-15,15:30,Cash,10.0,8.61,180.87
462-27-8673,B,Mandalay,Member,Female,Health and beauty,46.08,1,2023-10-16,15:45,Credit card,6.2,2.3,48.38
905-24-9152,A,Naypyitaw,Normal,Female,Health and beauty,78.68,6,2023-10-17,10:30,Ewallet,5.3,23.6,495.68
730-37-9905,A,Mandalay,Member,Male,Fashion accessories,84.08,9,2023-10-18,17:00,Credit card,5.9,37.84,794.56
138-66-2296,A,Mandalay,Member,Female,Electronic accessories,90.0,3,2023-10-19,16:45,Cash,5.2,13.5,283.5
330-95-8641,A,Mandalay,Normal,Female,Fashion accessories,59.01,6,2023-10-20,10:15,Credit card,7.0,17.7,371.76
225-53-5632,B,Naypyitaw,Normal,Female,Sports and travel,28.4,3,2023-10-21,17:15,Cash,9.0,4.26,89.46
244-22-7168,A,Mandalay,Normal,Female,Fashion accessories,32.98,1,2023-10-22,9:15,Credit card,6.7,1.65,34.63
679-19-9258,A,Mandalay,Normal,Female,Home and lifestyle,36.61,5,2023-10-23,12:00,Cash,7.2,9.15,192.2
332-27-7371,B,Yangon,Normal,Male,Home and lifestyle,63.44,4,2023-10-24,20:30,Credit card,8.4,12.69,266.45
210-95-8943,B,Naypyitaw,Normal,Female,Home and lifestyle,12.95,7,2023-10-25,19:15,Cash,7.5,4.53,95.18
468-92-3472,C,Mandalay,Normal,Female,Electronic accessories,67.24,6,2023-10-26,18:15,Credit card,9.3,20.17,423.61
712-15-3739,B,Naypyitaw,Normal,Female,Electronic accessories,42.79,7,2023-10-27,20:30,Credit card,9.3,14.98,314.51
381-73-2761,B,Mandalay,Member,Female,Fashion accessories,36.57,5,2023-10-28,12:15,Ewallet,5.0,9.14,191.99
542-65-1876,C,Mandalay,Normal,Male,Home and lifestyle,89.15,4,2023-10-29,13:45,Ewallet,8.9,17.83,374.43
840-42-2460,B,Mandalay,Normal,Male,Electronic accessories,51.4,7,2023-10-30,17:00,Cash,7.3,17.99,377.79
761-30-2733,B,Yangon,Member,Male,Health and beauty,18.55,7,2023-10-31,19:45,Credit card,9.9,6.49,136.34
681-13-7986,B,Yangon,Normal,Female,Fashion accessories,84.41,6,2023-11-01,20:30,Cash,7.4,25.32,531.78
545-71-4735,B,Yangon,Member,Female,Sports and travel,14.29,8,2023-11-02,13:45,Ewallet,9.9,5.72,120.04
922-18-9434,C,Naypyitaw,Member,Male,Food and beverages,75.41,4,2023-11-03,17:15,Cash,8.8,15.08,316.72
642-49-5324,B,Naypyitaw,Normal,Male,Fashion accessories,79.65,5,2023-11-04,15:15,Cash,6.2,19.91,418.16
647-33-6342,B,Yangon,Member,Male,Food and beverages,41.73,4,2023-11-05,16:00,Ewallet,7.7,8.35,175.27
105-75-9659,C,Naypyitaw,Normal,Female,Home and lifestyle,84.23,1,2023-11-06,17:45,Credit card,10.0,4.21,88.44
831-84-9195,A,Mandalay,Member,Female,Food and beverages,56.41,8,2023-11-07,13:45,Cash,9.3,22.56,473.84
946-15-1117,C,Mandalay,Member,Male,Home and lifestyle,51.7,1,2023-11-08,15:30,Ewallet,5.5,2.59,54.29
980-60-6560,A,Mandalay,Member,Male,Health and beauty,14.09,5,2023-11-09,10:15,Credit card,8.5,3.52,73.97
293-88-7316,C,Yangon,Normal,Male,Food and beverages,36.1,6,2023-11-10,18:30,Ewallet,6.7,10.83,227.43
399-14-7469,C,Naypyitaw,Normal,Female,Fashion accessories,93.79,6,2023-11-11,8:45,Cash,5.0,28.14,590.88
509-77-9915,B,Yangon,Member,Female,Home and lifestyle,45.26,5,2023-11-12,11:30,Credit card,7.0,11.32,237.62
324-29-5208,A,Naypyitaw,Member,Female,Fashion accessories,59.2,3,2023-11-13,11:00,Credit card,6.2,8.88,186.48
239-56-3048,B,Mandalay,Normal,Male,Electronic accessories,57.88,5,2023-11-14,16:30,Ewallet,9.1,14.47,303.87
189-23-2828,A,Yangon,Normal,Male,Home and lifestyle,63.14,8,2023-11-15,12:45,Ewallet,6.7,25.26,530.38
993-20-7988,C,Naypyitaw,Member,Female,Food and beverages,15.52,2,2023-11-16,13:45,Ewallet,9.1,1.55,32.59
358-42-1009,C,Naypyitaw,Member,Male,Home and lifestyle,42.6,6,2023-11-17,13:30,Credit card,5.0,12.78,268.38
360-32-3219,A,Mandalay,Normal,Female,Fashion accessories,75.08,9,2023-11-18,13:00,Credit card,6.5,33.79,709.51
997-22-6287,B,Yangon,Normal,Male,Health and beauty,28.05,8,2023-11-19,11:15,Cash,6.2,11.22,235.62
741-93-9512,B,Yangon,Normal,Male,Home and lifestyle,28.32,8,2023-11-20,14:30,Credit card,6.2,11.33,237.89
418-82-3832,B,Yangon,Normal,Male,Food and beverages,10.91,8,2023-11-21,20:30,Cash,5.3,4.36,91.64
876-84-4490,B,Mandalay,Normal,Male,Electronic accessories,49.37,7,2023-11-22,17:30,Ewallet,5.9,17.28,362.87
705-58-2604,C,Yangon,Member,Female,Sports and travel,89.45,8,2023-11-23,16:45,Ewallet,7.8,35.78,751.38
417-69-1235,C,Mandalay,Normal,Male,Health and beauty,14.67,6,2023-11-24,19:30,Credit card,6.5,4.4,92.42
433-84-6256,C,Mandalay,Member,Female,Electronic accessories,27.2,2,2023-11-25,8:15,Ewallet,7.1,2.72,57.12
687-44-3560,C,Mandalay,Normal,Female,Home and lifestyle,37.91,2,2023-11-26,8:30,Ewallet,6.9,3.79,79.61
395-73-6951,C,Naypyitaw,Member,Female,Fashion accessories,75.86,8,2023-11-27,16:00,Credit card,9.4,30.34,637.22
448-81-7413,B,Yangon,Normal,Male,Fashion accessories,67.66,1,2023-11-28,14:15,Cash,9.5,3.38,71.04
927-39-5820,B,Yangon,Normal,Female,Food and beverages,47.43,6,2023-11-29,10:00,Credit card,7.5,14.23,298.81
264-14-3898,B,Mandalay,Member,Female,Fashion accessories,78.32,6,2023-11-30,12:30,Cash,6.7,23.5,493.42
478-87-8577,B,Mandalay,Member,Female,Health and beauty,64.87,4,2023-12-01,11:45,Credit card,5.5,12.97,272.45
673-13-1600,C,Yangon,Normal,Male,Fashion accessories,90.64,3,2023-12-02,14:15,Credit card,9.8,13.6,285.52
848-51-3136,C,Mandalay,Normal,Male,Food and beverages,83.62,3,2023-12-03,16:45,Ewallet,5.3,12.54,263.4
501-49-7943,C,Yangon,Normal,Female,Sports and travel,32.75,1,2023-12-04,9:00,Credit card,6.5,1.64,34.39
790-47-6984,A,Naypyitaw,Normal,Male,Home and lifestyle,34.43,3,2023-12-05,15:45,Credit card,6.5,5.16,108.45
122-72-3190,B,Mandalay,Normal,Female,Home and lifestyle,21.28,4,2023-12-06,16:15,Cash,6.6,4.26,89.38
764-26-2248,B,Yangon,Member,Female,Fashion accessories,40.33,5,2023-12-07,17:00,Ewallet,5.8,10.08,211.73
602-75-2997,C,Mandalay,Member,Male,Electronic accessories,99.96,3,2023-12-08,17:15,Cash,8.9,14.99,314.87
920-60-2970,B,Yangon,Normal,Female,Home and lifestyle,46.52,6,2023-12-09,14:30,Cash,5.6,13.96,293.08
297-15-2202,B,Yangon,Member,Male,Sports and travel,29.84,5,2023-12-10,16:00,Ewallet,8.2,7.46,156.66
653-73-8667,C,Mandalay,Member,Male,Fashion accessories,78.62,3,2023-12-11,10:45,Ewallet,5.6,11.79,247.65
114-38-6408,A,Naypyitaw,Member,Female,Food and beverages,58.82,6,2023-12-12,9:15,Ewallet,5.4,17.65,370.57
577-36-1419,A,Yangon,Normal,Male,Sports and travel,23.46,6,2023-12-13,10:30,Credit card,9.5,7.04,147.8
256-47-2120,A,Yangon,Member,Male,Fashion accessories,44.26,8,2023-12-14,18:00,Ewallet,6.0,17.7,371.78
510-64-3336,C,Yangon,Normal,Female,Sports and travel,47.3,2,2023-12-15,12:15,Ewallet,9.1,4.73,99.33
353-77-3645,B,Naypyitaw,Member,Female,Home and lifestyle,77.84,1,2023-12-16,20:30,Ewallet,7.7,3.89,81.73
933-19-5612,C,Naypyitaw,Normal,Male,Food and beverages,11.86,4,2023-12-17,14:00,Cash,5.4,2.37,49.81
734-83-7028,C,Mandalay,Member,Male,Fashion accessories,34.21,7,2023-12-18,9:45,Cash,9.8,11.97,251.44
258-56-7371,B,Naypyitaw,Normal,Female,Health and beauty,56.58,3,2023-12-19,16:15,Credit card,6.2,8.49,178.23
976-97-8863,A,Mandalay,Normal,Male,Food and beverages,34.2,3,2023-12-20,9:15,Cash,9.3,5.13,107.73
114-38-4719,A,Mandalay,Member,Male,Health and beauty,66.56,5,2023-12-21,18:30,Credit card,5.8,16.64,349.44
360-38-3371,C,Naypyitaw,Normal,Male,Sports and travel,53.37,5,2023-12-22,8:30,Cash,9.3,13.34,280.19
943-54-5225,A,Mandalay,Normal,Male,Electronic accessories,42.55,3,2023-12-23,9:30,Ewallet,5.1,6.38,134.03
510-45-1793,C,Naypyitaw,Normal,Male,Food and beverages,95.43,9,2023-12-24,12:30,Cash,7.6,42.94,901.81
910-36-3116,C,Mandalay,Normal,Male,Sports and travel,66.89,4,2023-12-25,17:45,Credit card,8.8,13.38,280.94
759-20-7166,B,Naypyitaw,Normal,Male,Health and beauty,21.69,3,2023-12-26,13:00,Cash,9.7,3.25,68.32
914-55-9554,B,Naypyitaw,Normal,Female,Home and lifestyle,60.41,2,2023-12-27,19:30,Ewallet,9.5,6.04,126.86
495-22-8783,B,Mandalay,Normal,Female,Home and lifestyle,80.27,9,2023-12-28,17:45,Credit card,9.1,36.12,758.55
309-98-8790,C,Yangon,Normal,Female,Electronic accessories,73.76,4,2023-12-29,19:00,Ewallet,9.4,14.75,309.79
715-69-4531,B,Mandalay,Member,Female,Food and beverages,25.49,3,2023-12-30,11:30,Ewallet,6.0,3.82,80.29
455-77-4876,A,Naypyitaw,Member,Female,Food and beverages,97.52,7,2023-12-31,13:15,Credit card,6.4,34.13,716.77
939-40-7024,A,Yangon,Normal,Male,Food and beverages,50.39,8,2024-01-01,17:30,Ewallet,6.4,20.16,423.28
150-38-4368,C,Mandalay,Normal,Male,Sports and travel,24.31,2,2024-01-02,18:30,Ewallet,6.9,2.43,51.05
825-20-2792,C,Mandalay,Member,Male,Electronic accessories,26.22,7,2024-01-03,15:30,Cash,7.0,9.18,192.72
913-30-4417,B,Mandalay,Member,Male,Food and beverages,18.84,5,2024-01-04,14:15,Ewallet,7.7,4.71,98.91
721-45-4030,C,Yangon,Member,Female,Sports and travel,82.32,5,2024-01-05,15:45,Ewallet,5.8,20.58,432.18
924-10-2854,C,Naypyitaw,Normal,Male,Home and lifestyle,20.98,3,2024-01-06,19:00,Ewallet,8.5,3.15,66.09
666-49-3708,A,Mandalay,Member,Male,Health and beauty,21.26,5,2024-01-07,18:00,Ewallet,5.8,5.32,111.62
530-82-9393,A,Mandalay,Normal,Female,Sports and travel,86.54,2,2024-01-08,20:00,Credit card,6.6,8.65,181.73
535-66-5212,B,Mandalay,Normal,Male,Home and lifestyle,41.01,4,2024-01-09,15:45,Cash,7.5,8.2,172.24
765-50-8970,C,Mandalay,Member,Male,Home and lifestyle,12.78,6,2024-01-10,12:45,Ewallet,9.0,3.83,80.51
674-34-2625,C,Mandalay,Normal,Female,Health and beauty,14.67,1,2024-01-11,12:15,Ewallet,8.7,0.73,15.4
174-47-9577,A,Naypyitaw,Normal,Male,Home and lifestyle,22.8,4,2024-01-12,11:45,Credit card,8.2,4.56,95.76
309-43-7490,C,Naypyitaw,Normal,Male,Electronic accessories,29.21,6,2024-01-13,13:00,Ewallet,5.8,8.76,184.02
628-52-5971,A,Mandalay,Normal,Male,Health and beauty,69.86,9,2024-01-14,19:00,Credit card,7.7,31.44,660.18
862-60-2205,B,Yangon,Member,Male,Home and lifestyle,24.16,2,2024-01-15,14:45,Cash,5.4,2.42,50.74
763-34-2990,A,Naypyitaw,Member,Male,Fashion accessories,20.7,7,2024-01-16,17:30,Cash,6.9,7.25,152.15
279-79-4572,C,Yangon,Normal,Female,Sports and travel,78.82,6,2024-01-17,20:45,Ewallet,7.1,23.65,496.57
955-42-7320,B,Naypyitaw,Normal,Female,Home and lifestyle,70.39,2,2024-01-18,19:00,Ewallet,5.2,7.04,147.82
384-72-5757,A,Mandalay,Member,Female,Electronic accessories,49.18,8,2024-01-19,12:00,Ewallet,6.4,19.67,413.11
765-37-6588,A,Naypyitaw,Normal,Female,Food and beverages,59.44,7,2024-01-20,10:30,Credit card,9.8,20.8,436.88
148-80-5944,B,Mandalay,Member,Female,Home and lifestyle,38.08,5,2024-01-21,11:30,Ewallet,9.8,9.52,199.92
183-58-5243,B,Naypyitaw,Normal,Female,Food and beverages,53.43,5,2024-01-22,11:30,Ewallet,6.8,13.36,280.51
729-95-6182,A,Mandalay,Normal,Male,Fashion accessories,55.6,7,2024-01-23,20:15,Cash,5.2,19.46,408.66
800-58-5422,C,Mandalay,Member,Female,Home and lifestyle,44.85,9,2024-01-24,12:45,Ewallet,5.9,20.18,423.83
868-22-3482,A,Mandalay,Member,Female,Health and beauty,91.59,9,2024-01-25,12:30,Cash,7.0,41.22,865.53
990-65-9914,B,Mandalay,Member,Male,Food and beverages,11.45,9,2024-01-26,14:45,Ewallet,9.7,5.15,108.2
417-41-3717,A,Yangon,Member,Male,Fashion accessories,80.4,6,2024-01-27,20:45,Cash,5.7,24.12,506.52
384-58-5524,B,Mandalay,Normal,Female,Health and beauty,21.19,6,2024-01-28,16:15,Ewallet,8.8,6.36,133.5
576-39-8311,B,Yangon,Member,Male,Health and beauty,81.78,3,2024-01-29,11:15,Cash,5.5,12.27,257.61
523-28-3065,C,Yangon,Normal,Female,Health and beauty,65.43,1,2024-01-30,13:45,Credit card,9.9,3.27,68.7
868-87-6490,B,Mandalay,Member,Male,Health and beauty,85.9,7,2024-01-31,9:00,Cash,6.9,30.07,631.37
274-75-7645,B,Yangon,Member,Female,Home and lifestyle,18.78,4,2024-02-01,13:45,Cash,8.9,3.76,78.88
212-47-5926,C,Naypyitaw,Normal,Male,Sports and travel,60.31,1,2024-02-02,20:30,Cash,6.7,3.02,63.33
743-10-4335,B,Mandalay,Member,Male,Home and lifestyle,55.1,8,2024-02-03,14:15,Ewallet,8.1,22.04,462.84
154-12-5873,C,Yangon,Member,Female,Home and lifestyle,73.56,6,2024-02-04,20:30,Ewallet,6.0,22.07,463.43
557-92-7305,C,Mandalay,Member,Female,Fashion accessories,58.09,6,2024-02-05,13:00,Ewallet,5.7,17.43,365.97
479-96-1054,B,Mandalay,Member,Female,Fashion accessories,58.67,2,2024-02-06,11:15,Credit card,9.7,5.87,123.21
575-41-4462,B,Mandalay,Normal,Female,Sports and travel,48.66,1,2024-02-07,11:45,Credit card,9.6,2.43,51.09
448-17-1832,A,Yangon,Normal,Female,Fashion accessories,37.8,2,2024-02-08,11:00,Cash,9.4,3.78,79.38
412-76-9519,C,Naypyitaw,Member,Male,Electronic accessories,53.4,4,2024-02-09,14:30,Credit card,8.1,10.68,224.28
153-76-8218,A,Naypyitaw,Member,Female,Sports and travel,20.66,2,2024-02-10,10:15,Cash,9.0,2.07,43.39
708-17-8970,B,Yangon,Member,Female,Fashion accessories,96.54,1,2024-02-11,13:45,Cash,5.3,4.83,101.37
195-97-3538,A,Mandalay,Normal,Male,Sports and travel,74.3,7,2024-02-12,16:45,Cash,6.7,26.01,546.11
551-46-7612,C,Yangon,Normal,Male,Home and lifestyle,95.72,8,2024-02-13,16:45,Credit card,6.6,38.29,804.05
834-64-1943,A,Yangon,Normal,Female,Home and lifestyle,30.41,6,2024-02-14,11:15,Ewallet,8.2,9.12,191.58
106-83-9966,C,Yangon,Normal,Male,Sports and travel,89.14,4,2024-02-15,9:00,Credit card,6.8,17.83,374.39
772-32-5242,B,Mandalay,Member,Male,Electronic accessories,82.79,6,2024-02-16,11:30,Cash,5.7,24.84,521.58
723-28-2308,B,Yangon,Member,Female,Electronic accessories,70.94,3,2024-02-17,18:00,Cash,8.0,10.64,223.46
799-91-9705,C,Mandalay,Member,Male,Sports and travel,66.25,8,2024-02-18,13:15,Credit card,9.1,26.5,556.5
996-56-7852,B,Yangon,Normal,Male,Fashion accessories,38.49,2,2024-02-19,11:00,Cash,6.9,3.85,80.83
622-11-5566,B,Naypyitaw,Member,Female,Food and beverages,83.48,5,2024-02-20,19:15,Cash,5.7,20.87,438.27
218-21-2555,B,Yangon,Normal,Female,Electronic accessories,55.14,1,2024-02-21,20:15,Credit card,6.0,2.76,57.9
360-46-2279,B,Yangon,Normal,Male,Health and beauty,16.38,6,2024-02-22,16:15,Credit card,6.2,4.91,103.19
833-18-8083,C,Naypyitaw,Member,Male,Home and lifestyle,38.16,2,2024-02-23,14:45,Credit card,6.5,3.82,80.14
966-95-2387,A,Mandalay,Member,Female,Sports and travel,94.18,4,2024-02-24,10:15,Cash,8.2,18.84,395.56
379-90-3679,A,Mandalay,Member,Male,Health and beauty,86.56,6,2024-02-25,10:00,Cash,8.0,25.97,545.33
158-96-5223,B,Yangon,Normal,Male,Sports and travel,98.37,8,2024-02-26,12:00,Ewallet,8.5,39.35,826.31
835-90-4186,A,Naypyitaw,Normal,Male,Home and lifestyle,66.52,8,2024-02-27,10:30,Ewallet,6.8,26.61,558.77
308-23-3599,A,Mandalay,Member,Female,Home and lifestyle,32.28,6,2024-02-28,12:45,Credit card,9.1,9.68,203.36
336-34-8368,B,Yangon,Member,Male,Electronic accessories,24.65,4,2024-02-29,9:30,Ewallet,6.0,4.93,103.53
857-31-3541,B,Naypyitaw,Normal,Male,Electronic accessories,26.82,8,2024-03-01,11:15,Cash,7.3,10.73,225.29
103-35-9633,A,Mandalay,Member,Female,Health and beauty,11.78,8,2024-03-02,9:15,Ewallet,9.0,4.71,98.95
128-96-9996,C,Mandalay,Normal,Male,Sports and travel,45.16,1,2024-03-03,19:45,Cash,5.9,2.26,47.42
174-79-6475,B,Naypyitaw,Normal,Male,Home and lifestyle,27.23,4,2024-03-04,8:45,Credit card,5.5,5.45,114.37
140-47-8184,C,Naypyitaw,Member,Female,Health and beauty,47.05,4,2024-03-05,14:00,Credit card,9.4,9.41,197.61
776-34-8141,A,Naypyitaw,Member,Female,Food and beverages,94.15,7,2024-03-06,18:45,Cash,6.7,32.95,692.0
477-85-2622,B,Naypyitaw,Member,Female,Health and beauty,48.75,7,2024-03-07,8:30,Ewallet,8.4,17.06,358.31
728-95-3074,C,Yangon,Member,Female,Fashion accessories,89.02,8,2024-03-08,14:00,Credit card,5.1,35.61,747.77
924-40-1645,B,Naypyitaw,Normal,Male,Health and beauty,64.5,5,2024-03-09,11:30,Credit card,8.5,16.12,338.62
830-49-9801,A,Mandalay,Normal,Male,Fashion accessories,32.24,7,2024-03-10,17:30,Ewallet,6.6,11.28,236.96
367-62-9646,C,Mandalay,Normal,Female,Fashion accessories,42.03,8,2024-03-11,9:45,Ewallet,5.3,16.81,353.05
784-26-3969,A,Yangon,Member,Female,Fashion accessories,17.55,9,2024-03-12,8:00,Cash,8.0,7.9,165.85
575-71-3681,A,Mandalay,Normal,Male,Food and beverages,40.01,3,2024-03-13,18:45,Ewallet,6.2,6.0,126.03
657-73-5225,B,Mandalay,Member,Female,Health and beauty,70.98,3,2024-03-14,8:30,Ewallet,6.9,10.65,223.59
921-74-3866,C,Naypyitaw,Member,Male,Health and beauty,16.49,4,2024-03-15,19:00,Ewallet,5.4,3.3,69.26
792-45-6490,A,Mandalay,Member,Female,Food and beverages,28.49,5,2024-03-16,17:30,Cash,5.7,7.12,149.57
893-38-9340,A,Yangon,Member,Male,Home and lifestyle,44.33,1,2024-03-17,9:15,Cash,6.5,2.22,46.55
878-49-8679,C,Naypyitaw,Member,Female,Electronic accessories,98.38,7,2024-03-18,15:45,Credit card,5.4,34.43,723.09
775-68-2333,A,Naypyitaw,Member,Female,Health and beauty,80.64,9,2024-03-19,19:30,Cash,9.6,36.29,762.05
197-64-7766,A,Yangon,Normal,Male,Electronic accessories,76.01,8,2024-03-20,17:30,Credit card,5.0,30.4,638.48
763-31-7212,C,Naypyitaw,Member,Female,Sports and travel,20.46,5,2024-03-21,15:15,Ewallet,7.4,5.12,107.42
411-42-8715,C,Naypyitaw,Normal,Male,Sports and travel,80.29,4,2024-03-22,18:30,Credit card,5.6,16.06,337.22
850-29-2762,C,Yangon,Normal,Male,Food and beverages,80.67,7,2024-03-23,20:30,Credit card,6.5,28.23,592.92
343-90-8101,C,Naypyitaw,Member,Male,Sports and travel,64.1,5,2024-03-24,19:30,Ewallet,9.6,16.03,336.53
606-82-1153,B,Yangon,Member,Male,Sports and travel,99.13,7,2024-03-25,17:30,Credit card,5.8,34.7,728.61
549-82-3343,C,Yangon,Member,Male,Home and lifestyle,39.27,1,2024-03-26,8:15,Cash,9.8,1.96,41.23
116-10-2240,B,Mandalay,Normal,Female,Home and lifestyle,94.71,1,2024-03-27,9:00,Cash,6.0,4.74,99.45
160-52-2639,B,Mandalay,Member,Female,Home and lifestyle,92.33,3,2024-03-28,9:45,Cash,8.7,13.85,290.84
141-34-8970,B,Naypyitaw,Normal,Male,Sports and travel,11.03,2,2024-03-29,13:15,Cash,7.7,1.1,23.16
230-53-4549,A,Naypyitaw,Member,Female,Food and beverages,50.51,2,2024-03-30,11:15,Credit card,9.4,5.05,106.07
201-21-3322,B,Yangon,Member,Male,Fashion accessories,97.94,7,2024-03-31,19:00,Credit card,7.8,34.28,719.86
712-53-5090,B,Naypyitaw,Normal,Female,Fashion accessories,19.28,2,2024-04-01,20:15,Ewallet,7.7,1.93,40.49
916-70-6136,A,Yangon,Normal,Female,Electronic accessories,59.3,4,2024-04-02,19:15,Credit card,6.0,11.86,249.06
429-66-8982,A,Yangon,Member,Female,Fashion accessories,98.11,2,2024-04-03,15:00,Credit card,5.8,9.81,206.03
111-71-9407,A,Naypyitaw,Normal,Female,Fashion accessories,59.99,6,2024-04-04,20:45,Credit card,9.6,18.0,377.94
438-17-3708,C,Yangon,Normal,Male,Home and lifestyle,27.08,8,2024-04-05,16:15,Ewallet,6.6,10.83,227.47
180-96-6604,A,Mandalay,Normal,Male,Home and lifestyle,62.4,4,2024-04-06,17:30,Cash,6.9,12.48,262.08
473-89-9901,A,Naypyitaw,Normal,Female,Sports and travel,28.4,5,2024-04-07,12:15,Credit card,8.8,7.1,149.1
299-34-7609,B,Mandalay,Normal,Female,Electronic accessories,56.77,4,2024-04-08,20:15,Ewallet,6.7,11.35,238.43
188-21-4993,A,Naypyitaw,Member,Male,Health and beauty,16.66,3,2024-04-09,16:45,Ewallet,9.8,2.5,52.48
588-35-9238,C,Yangon,Member,Female,Electronic accessories,64.49,5,2024-04-10,9:30,Ewallet,8.7,16.12,338.57
387-19-5806,A,Naypyitaw,Normal,Male,Electronic accessories,56.51,9,2024-04-11,18:00,Cash,8.0,25.43,534.02
500-32-6913,C,Mandalay,Member,Male,Food and beverages,76.61,8,2024-04-12,9:45,Credit card,9.4,30.64,643.52
185-16-5430,A,Yangon,Member,Male,Sports and travel,66.76,8,2024-04-13,17:00,Ewallet,5.2,26.7,560.78
728-16-5232,A,Naypyitaw,Normal,Female,Food and beverages,59.46,8,2024-04-14,9:45,Cash,6.3,23.78,499.46
982-57-9007,A,Naypyitaw,Member,Male,Electronic accessories,72.08,8,2024-04-15,15:00,Ewallet,7.3,28.83,605.47
597-68-2500,A,Naypyitaw,Normal,Female,Electronic accessories,22.95,7,2024-04-16,19:15,Ewallet,6.1,8.03,168.68
693-48-4042,C,Mandalay,Normal,Male,Electronic accessories,63.58,8,2024-04-17,16:15,Ewallet,8.7,25.43,534.07
501-68-4561,C,Mandalay,Member,Female,Fashion accessories,25.49,8,2024-04-18,16:15,Ewallet,9.6,10.2,214.12
714-26-8693,B,Naypyitaw,Normal,Female,Food and beverages,93.3,8,2024-04-19,11:30,Ewallet,7.1,37.32,783.72
258-33-8138,C,Yangon,Normal,Female,Electronic accessories,16.15,7,2024-04-20,19:15,Cash,6.7,5.65,118.7
719-69-8980,A,Yangon,Normal,Male,Home and lifestyle,48.73,1,2024-04-21,8:30,Credit card,9.8,2.44,51.17
197-12-3983,B,Mandalay,Normal,Male,Sports and travel,72.62,4,2024-04-22,19:45,Credit card,7.2,14.52,305.0
282-96-9230,B,Yangon,Normal,Female,Sports and travel,51.22,4,2024-04-23,15:15,Credit card,7.4,10.24,215.12
626-13-6468,B,Mandalay,Member,Female,Home and lifestyle,18.29,5,2024-04-24,18:15,Credit card,6.8,4.57,96.02
496-91-9684,A,Naypyitaw,Member,Female,Sports and travel,59.8,6,2024-04-25,16:15,Cash,9.5,17.94,376.74
525-75-9502,C,Mandalay,Normal,Male,Fashion accessories,67.75,4,2024-04-26,9:00,Cash,7.8,13.55,284.55
838-51-1545,A,Mandalay,Normal,Male,Fashion accessories,73.34,2,2024-04-27,19:00,Cash,8.8,7.33,154.01
513-22-4810,B,Naypyitaw,Member,Male,Health and beauty,43.59,6,2024-04-28,19:45,Ewallet,9.1,13.08,274.62
990-48-3032,A,Yangon,Normal,Male,Health and beauty,60.73,8,2024-04-29,20:30,Ewallet,6.7,24.29,510.13
576-71-9436,A,Mandalay,Member,Female,Health and beauty,50.56,8,2024-04-30,15:00,Ewallet,7.2,20.22,424.7
847-66-1271,C,Mandalay,Normal,Female,Sports and travel,70.49,7,2024-05-01,17:15,Credit card,9.2,24.67,518.1
539-19-8069,C,Naypyitaw,Normal,Male,Fashion accessories,62.52,6,2024-05-02,12:15,Ewallet,6.8,18.76,393.88
458-93-4760,B,Yangon,Normal,Male,Fashion accessories,57.32,2,2024-05-03,15:15,Credit card,9.0,5.73,120.37
102-54-2165,A,Mandalay,Normal,Female,Fashion accessories,32.46,7,2024-05-04,9:45,Ewallet,9.7,11.36,238.58
475-39-3033,A,Naypyitaw,Normal,Male,Home and lifestyle,10.18,5,2024-05-05,17:45,Credit card,8.1,2.54,53.44
423-27-5388,C,Mandalay,Normal,Male,Fashion accessories,25.67,6,2024-05-06,13:45,Ewallet,8.7,7.7,161.72
764-57-9896,A,Naypyitaw,Normal,Male,Home and lifestyle,20.54,8,2024-05-07,13:45,Ewallet,9.0,8.22,172.54
684-24-9056,A,Yangon,Member,Male,Health and beauty,50.42,8,2024-05-08,20:45,Cash,9.2,20.17,423.53
443-77-2828,A,Yangon,Member,Male,Health and beauty,65.1,3,2024-05-09,13:15,Ewallet,7.0,9.76,205.06
160-52-5805,C,Yangon,Member,Male,Sports and travel,29.18,7,2024-05-10,20:45,Ewallet,5.3,10.21,214.47
906-65-8486,B,Yangon,Normal,Female,Health and beauty,94.52,1,2024-05-11,15:00,Cash,7.0,4.73,99.25
401-97-9202,B,Mandalay,Normal,Male,Sports and travel,10.6,1,2024-05-12,8:00,Credit card,8.4,0.53,11.13
161-86-8878,A,Mandalay,Normal,Male,Electronic accessories,79.51,7,2024-05-13,11:45,Cash,7.3,27.83,584.4
663-13-6690,B,Yangon,Normal,Female,Electronic accessories,66.27,9,2024-05-14,9:15,Cash,8.7,29.82,626.25
